-- Buildings
INSERT INTO BUILDING (ID, BUILDING_NUMBER, DESCRIPTION, PUBLIC_ACCESS) VALUES ( -1, '110', 'Headquarter', true );
INSERT INTO BUILDING (ID, BUILDING_NUMBER, DESCRIPTION, PUBLIC_ACCESS) VALUES ( -2, '115', 'Data Center', false );
INSERT INTO BUILDING (ID, BUILDING_NUMBER, DESCRIPTION, PUBLIC_ACCESS) VALUES ( -3, '105', 'Canteen', true );
INSERT INTO BUILDING (ID, BUILDING_NUMBER, DESCRIPTION, PUBLIC_ACCESS) VALUES ( -4, '120', 'Engineering Hub', true );
INSERT INTO BUILDING (ID, BUILDING_NUMBER, DESCRIPTION, PUBLIC_ACCESS) VALUES ( -5, '125', 'Research Lab', false );
INSERT INTO BUILDING (ID, BUILDING_NUMBER, DESCRIPTION, PUBLIC_ACCESS) VALUES ( -6, '130', 'Training Center', true );
INSERT INTO BUILDING (ID, BUILDING_NUMBER, DESCRIPTION, PUBLIC_ACCESS) VALUES ( -7, '140', 'Customer Experience Center', true );
INSERT INTO BUILDING (ID, BUILDING_NUMBER, DESCRIPTION, PUBLIC_ACCESS) VALUES ( -8, '150', 'Operations Annex', false );

-- Floor maps
INSERT INTO BUILDING_FLOOR_MAP (ID, FLOOR, IMAGE_PATH, BUILDING_ID) VALUES ( -1, 'Ground', '/floor-maps/ground-realistic.svg', -1 );
INSERT INTO BUILDING_FLOOR_MAP (ID, FLOOR, IMAGE_PATH, BUILDING_ID) VALUES ( -2, 'Level 1', '/floor-maps/level-1.svg', -1 );
INSERT INTO BUILDING_FLOOR_MAP (ID, FLOOR, IMAGE_PATH, BUILDING_ID) VALUES ( -3, 'Level 3', '/floor-maps/level-3.svg', -1 );
INSERT INTO BUILDING_FLOOR_MAP (ID, FLOOR, IMAGE_PATH, BUILDING_ID) VALUES ( -4, 'Ground', '/floor-maps/ground-realistic.svg', -2 );
INSERT INTO BUILDING_FLOOR_MAP (ID, FLOOR, IMAGE_PATH, BUILDING_ID) VALUES ( -5, 'Ground', '/floor-maps/ground-realistic.svg', -3 );
INSERT INTO BUILDING_FLOOR_MAP (ID, FLOOR, IMAGE_PATH, BUILDING_ID) VALUES ( -6, 'Level 2', '/floor-maps/level-2.svg', -4 );
INSERT INTO BUILDING_FLOOR_MAP (ID, FLOOR, IMAGE_PATH, BUILDING_ID) VALUES ( -7, 'Level 3', '/floor-maps/level-3.svg', -4 );
INSERT INTO BUILDING_FLOOR_MAP (ID, FLOOR, IMAGE_PATH, BUILDING_ID) VALUES ( -8, 'Ground', '/floor-maps/ground-realistic.svg', -5 );
INSERT INTO BUILDING_FLOOR_MAP (ID, FLOOR, IMAGE_PATH, BUILDING_ID) VALUES ( -9, 'Ground', '/floor-maps/ground-realistic.svg', -6 );
INSERT INTO BUILDING_FLOOR_MAP (ID, FLOOR, IMAGE_PATH, BUILDING_ID) VALUES ( -10, 'Ground', '/floor-maps/ground-realistic.svg', -7 );
INSERT INTO BUILDING_FLOOR_MAP (ID, FLOOR, IMAGE_PATH, BUILDING_ID) VALUES ( -11, 'Ground', '/floor-maps/ground-realistic.svg', -8 );

-- Rooms
INSERT INTO ROOM (ID, FLOOR, MAP_X, MAP_Y, PROJECTOR_PRESENT, ROOM_NUMBER, SEATS, BUILDING_ID) VALUES ( -1, 'Ground', 18, 38, true, '0.10', 8, -1 );
INSERT INTO ROOM (ID, FLOOR, MAP_X, MAP_Y, PROJECTOR_PRESENT, ROOM_NUMBER, SEATS, BUILDING_ID) VALUES ( -2, 'Level 1', 52, 30, false, '1.22', 4, -1 );
INSERT INTO ROOM (ID, FLOOR, MAP_X, MAP_Y, PROJECTOR_PRESENT, ROOM_NUMBER, SEATS, BUILDING_ID) VALUES ( -3, 'Level 3', 74, 58, true, '3.05', 20, -1 );
INSERT INTO ROOM (ID, FLOOR, MAP_X, MAP_Y, PROJECTOR_PRESENT, ROOM_NUMBER, SEATS, BUILDING_ID) VALUES ( -4, 'Ground', 28, 50, true, 'E.05', 8, -2 );
INSERT INTO ROOM (ID, FLOOR, MAP_X, MAP_Y, PROJECTOR_PRESENT, ROOM_NUMBER, SEATS, BUILDING_ID) VALUES ( -5, 'Ground', 25, 32, true, 'New York', 20, -3 );
INSERT INTO ROOM (ID, FLOOR, MAP_X, MAP_Y, PROJECTOR_PRESENT, ROOM_NUMBER, SEATS, BUILDING_ID) VALUES ( -6, 'Ground', 52, 64, false, 'Alaska', 8, -3 );
INSERT INTO ROOM (ID, FLOOR, MAP_X, MAP_Y, PROJECTOR_PRESENT, ROOM_NUMBER, SEATS, BUILDING_ID) VALUES ( -7, 'Ground', 78, 36, true, 'Peking', 50, -3 );
INSERT INTO ROOM (ID, FLOOR, MAP_X, MAP_Y, PROJECTOR_PRESENT, ROOM_NUMBER, SEATS, BUILDING_ID) VALUES ( -8, 'Level 2', 22, 34, true, '2.01', 12, -4 );
INSERT INTO ROOM (ID, FLOOR, MAP_X, MAP_Y, PROJECTOR_PRESENT, ROOM_NUMBER, SEATS, BUILDING_ID) VALUES ( -9, 'Level 2', 63, 34, true, '2.15', 24, -4 );
INSERT INTO ROOM (ID, FLOOR, MAP_X, MAP_Y, PROJECTOR_PRESENT, ROOM_NUMBER, SEATS, BUILDING_ID) VALUES ( -10, 'Level 3', 64, 62, false, '3.20', 40, -4 );
INSERT INTO ROOM (ID, FLOOR, MAP_X, MAP_Y, PROJECTOR_PRESENT, ROOM_NUMBER, SEATS, BUILDING_ID) VALUES ( -11, 'Ground', 24, 44, true, 'Lab-A', 10, -5 );
INSERT INTO ROOM (ID, FLOOR, MAP_X, MAP_Y, PROJECTOR_PRESENT, ROOM_NUMBER, SEATS, BUILDING_ID) VALUES ( -12, 'Ground', 61, 48, false, 'Lab-B', 6, -5 );
INSERT INTO ROOM (ID, FLOOR, MAP_X, MAP_Y, PROJECTOR_PRESENT, ROOM_NUMBER, SEATS, BUILDING_ID) VALUES ( -13, 'Ground', 22, 30, true, 'Seminar 1', 30, -6 );
INSERT INTO ROOM (ID, FLOOR, MAP_X, MAP_Y, PROJECTOR_PRESENT, ROOM_NUMBER, SEATS, BUILDING_ID) VALUES ( -14, 'Ground', 52, 32, true, 'Seminar 2', 18, -6 );
INSERT INTO ROOM (ID, FLOOR, MAP_X, MAP_Y, PROJECTOR_PRESENT, ROOM_NUMBER, SEATS, BUILDING_ID) VALUES ( -15, 'Ground', 78, 60, false, 'Workshop', 14, -6 );
INSERT INTO ROOM (ID, FLOOR, MAP_X, MAP_Y, PROJECTOR_PRESENT, ROOM_NUMBER, SEATS, BUILDING_ID) VALUES ( -16, 'Ground', 46, 28, true, 'Forum', 80, -7 );
INSERT INTO ROOM (ID, FLOOR, MAP_X, MAP_Y, PROJECTOR_PRESENT, ROOM_NUMBER, SEATS, BUILDING_ID) VALUES ( -17, 'Ground', 78, 58, true, 'Studio', 16, -7 );
INSERT INTO ROOM (ID, FLOOR, MAP_X, MAP_Y, PROJECTOR_PRESENT, ROOM_NUMBER, SEATS, BUILDING_ID) VALUES ( -18, 'Ground', 20, 62, false, 'Ops-1', 10, -8 );
INSERT INTO ROOM (ID, FLOOR, MAP_X, MAP_Y, PROJECTOR_PRESENT, ROOM_NUMBER, SEATS, BUILDING_ID) VALUES ( -19, 'Ground', 60, 38, true, 'Ops-2', 22, -8 );

-- Meetings
INSERT INTO MEETING (ID, START, END, TOPIC, ROOM_ID) VALUES ( -1, '2021-06-03 10:00:00', '2021-06-03 12:00:00', 'Sprint Planning', -3 );
INSERT INTO MEETING (ID, START, END, TOPIC, ROOM_ID) VALUES ( -2, '2021-06-03 13:00:00', '2021-06-03 14:30:00', 'Architecture Review', -9 );
INSERT INTO MEETING (ID, START, END, TOPIC, ROOM_ID) VALUES ( -3, '2021-06-04 09:00:00', '2021-06-04 10:00:00', 'Daily Leadership Sync', -1 );
INSERT INTO MEETING (ID, START, END, TOPIC, ROOM_ID) VALUES ( -4, '2021-06-04 10:30:00', '2021-06-04 12:00:00', 'UX Research Playback', -17 );
INSERT INTO MEETING (ID, START, END, TOPIC, ROOM_ID) VALUES ( -5, '2021-06-04 14:00:00', '2021-06-04 16:00:00', 'Cloud Cost Review', -18 );
INSERT INTO MEETING (ID, START, END, TOPIC, ROOM_ID) VALUES ( -6, '2021-06-07 08:30:00', '2021-06-07 09:15:00', 'Security Standup', -11 );
INSERT INTO MEETING (ID, START, END, TOPIC, ROOM_ID) VALUES ( -7, '2021-06-07 09:30:00', '2021-06-07 11:00:00', 'Incident Postmortem', -19 );
INSERT INTO MEETING (ID, START, END, TOPIC, ROOM_ID) VALUES ( -8, '2021-06-07 11:00:00', '2021-06-07 12:30:00', 'Frontend Guild', -8 );
INSERT INTO MEETING (ID, START, END, TOPIC, ROOM_ID) VALUES ( -9, '2021-06-07 13:30:00', '2021-06-07 15:00:00', 'Backend Guild', -10 );
INSERT INTO MEETING (ID, START, END, TOPIC, ROOM_ID) VALUES ( -10, '2021-06-08 09:00:00', '2021-06-08 11:30:00', 'Onboarding Session', -13 );
INSERT INTO MEETING (ID, START, END, TOPIC, ROOM_ID) VALUES ( -11, '2021-06-08 12:00:00', '2021-06-08 13:00:00', 'Lunch and Learn', -14 );
INSERT INTO MEETING (ID, START, END, TOPIC, ROOM_ID) VALUES ( -12, '2021-06-08 14:00:00', '2021-06-08 17:00:00', 'Hands-on Workshop', -15 );
INSERT INTO MEETING (ID, START, END, TOPIC, ROOM_ID) VALUES ( -13, '2021-06-09 10:00:00', '2021-06-09 11:00:00', 'Customer Advisory Board', -16 );
INSERT INTO MEETING (ID, START, END, TOPIC, ROOM_ID) VALUES ( -14, '2021-06-09 11:30:00', '2021-06-09 12:30:00', 'Roadmap Review', -5 );
INSERT INTO MEETING (ID, START, END, TOPIC, ROOM_ID) VALUES ( -15, '2021-06-09 13:00:00', '2021-06-09 14:00:00', 'Release Readiness', -3 );
INSERT INTO MEETING (ID, START, END, TOPIC, ROOM_ID) VALUES ( -16, '2021-06-10 09:00:00', '2021-06-10 10:30:00', 'Facilities Planning', -6 );
INSERT INTO MEETING (ID, START, END, TOPIC, ROOM_ID) VALUES ( -17, '2021-06-10 10:30:00', '2021-06-10 12:00:00', 'Town Hall Prep', -16 );
INSERT INTO MEETING (ID, START, END, TOPIC, ROOM_ID) VALUES ( -18, '2021-06-10 13:00:00', '2021-06-10 14:30:00', 'Research Debrief', -12 );
INSERT INTO MEETING (ID, START, END, TOPIC, ROOM_ID) VALUES ( -19, '2021-06-11 08:00:00', '2021-06-11 09:00:00', 'Executive Briefing', -4 );
INSERT INTO MEETING (ID, START, END, TOPIC, ROOM_ID) VALUES ( -20, '2021-06-11 09:30:00', '2021-06-11 11:30:00', 'Quarterly Planning', -7 );
